{"cameraMode":{"drawMode":0,"name":"Shaded","section":"Shading Mode"},"sceneLighting":true,"audioPlay":false,"sceneViewState":{"m_AlwaysRefresh":false,"showFog":true,"showSkybox":true,"showFlares":true,"showImageEffects":true,"showParticleSystems":true,"showVisualEffectGraphs":true,"m_FxEnabled":true},"in2DMode":false,"pivot":{"x":0.7505176663398743,"y":1.6597371101379395,"z":0.10281062126159668},"rotation":{"x":-0.4130537509918213,"y":0.04540065675973892,"z":-0.020371805876493455,"w":-0.9094624519348145},"size":1.8783191442489625,"orthographic":false}