{"cameraMode":{"drawMode":0,"name":"Shaded","section":"Shading Mode"},"sceneLighting":true,"audioPlay":false,"sceneViewState":{"m_AlwaysRefresh":false,"showFog":true,"showSkybox":true,"showFlares":true,"showImageEffects":true,"showParticleSystems":true,"showVisualEffectGraphs":true,"m_FxEnabled":true},"in2DMode":false,"pivot":{"x":31.483701705932618,"y":-28.898080825805665,"z":57.50236129760742},"rotation":{"x":0.23692423105239869,"y":0.14107172191143037,"z":-0.034796856343746188,"w":0.9606284499168396},"size":53.37059783935547,"orthographic":false}